"Date","Price","Open","High","Low","Change %"
"Dec 30, 2022","1.335","1.335","1.335","1.335","0.00%"
"Dec 29, 2022","1.335","1.335","1.335","1.335","0.00%"
"Dec 28, 2022","1.335","1.310","1.335","1.310","1.91%"
"Dec 27, 2022","1.310","1.210","1.310","1.210","8.26%"
"Dec 26, 2022","1.210","1.210","1.210","1.210","0.00%"
"Dec 23, 2022","1.210","1.250","1.275","1.210","-3.20%"
"Dec 22, 2022","1.250","1.235","1.250","1.235","1.21%"
"Dec 21, 2022","1.235","1.275","1.275","1.235","-3.14%"
"Dec 20, 2022","1.275","1.215","1.275","1.215","4.94%"
"Dec 19, 2022","1.215","1.215","1.215","1.215","-1.62%"
"Dec 16, 2022","1.235","1.275","1.275","1.235","-3.14%"
"Dec 15, 2022","1.275","1.275","1.275","1.275","0.00%"
"Dec 14, 2022","1.275","1.290","1.290","1.275","-1.16%"
"Dec 13, 2022","1.290","1.295","1.295","1.290","-0.39%"
"Dec 12, 2022","1.295","1.295","1.295","1.295","0.86%"
"Dec 09, 2022","1.284","1.250","1.284","1.250","2.72%"
"Dec 08, 2022","1.250","1.250","1.250","1.250","-1.19%"
"Dec 07, 2022","1.265","1.365","1.365","1.265","-7.33%"
"Dec 06, 2022","1.365","1.355","1.365","1.355","0.74%"
"Dec 05, 2022","1.355","1.355","1.355","1.355","-2.87%"
"Dec 02, 2022","1.395","1.395","1.395","1.395","-4.12%"
"Dec 01, 2022","1.455","1.495","1.495","1.455","-2.68%"
"Nov 30, 2022","1.495","1.475","1.495","1.475","1.36%"
"Nov 29, 2022","1.475","1.475","1.475","1.475","0.00%"
"Nov 28, 2022","1.475","1.485","1.485","1.475","-0.67%"
"Nov 25, 2022","1.485","1.490","1.490","1.485","-0.34%"
"Nov 24, 2022","1.490","1.490","1.490","1.490","-2.30%"
"Nov 23, 2022","1.525","1.575","1.575","1.525","-3.17%"
"Nov 22, 2022","1.575","1.595","1.595","1.575","-1.25%"
"Nov 21, 2022","1.595","1.595","1.595","1.595","-0.62%"
"Nov 18, 2022","1.605","1.605","1.605","1.605","0.63%"
"Nov 17, 2022","1.595","1.595","1.595","1.595","-4.78%"
"Nov 16, 2022","1.675","1.685","1.685","1.675","-0.59%"
"Nov 15, 2022","1.685","1.695","1.695","1.685","-0.59%"
"Nov 14, 2022","1.695","1.695","1.695","1.695","2.42%"
"Nov 11, 2022","1.655","1.775","1.775","1.655","-6.76%"
"Nov 10, 2022","1.775","1.794","1.794","1.775","-1.06%"
"Nov 09, 2022","1.794","1.814","1.814","1.794","-1.10%"
"Nov 08, 2022","1.814","1.805","1.814","1.805","0.50%"
"Nov 07, 2022","1.805","1.794","1.805","1.794","0.61%"
"Nov 04, 2022","1.794","1.794","1.794","1.794","0.50%"
"Nov 03, 2022","1.785","1.785","1.785","1.785","1.71%"
"Nov 02, 2022","1.755","1.755","1.755","1.755","0.00%"
"Nov 01, 2022","1.755","1.755","1.755","1.755","0.00%"
"Oct 31, 2022","1.755","1.755","1.755","1.755","-1.02%"
"Oct 28, 2022","1.773","1.824","1.824","1.773","-2.80%"
"Oct 27, 2022","1.824","1.860","1.860","1.824","-1.94%"
"Oct 26, 2022","1.860","1.900","1.900","1.860","-2.11%"
"Oct 25, 2022","1.900","1.925","1.925","1.900","-1.30%"
"Oct 24, 2022","1.925","1.925","1.925","1.925","0.52%"
"Oct 21, 2022","1.915","1.915","1.915","1.915","4.93%"
"Oct 20, 2022","1.825","1.825","1.825","1.825","0.00%"
"Oct 19, 2022","1.825","1.825","1.825","1.825","2.82%"
"Oct 18, 2022","1.775","1.775","1.775","1.775","0.00%"
"Oct 17, 2022","1.775","1.755","1.775","1.755","1.14%"
"Oct 14, 2022","1.755","1.755","1.755","1.755","-0.57%"
"Oct 13, 2022","1.765","1.765","1.765","1.765","0.00%"
"Oct 12, 2022","1.765","1.735","1.765","1.735","1.73%"
"Oct 11, 2022","1.735","1.705","1.735","1.705","1.76%"
"Oct 10, 2022","1.705","1.705","1.705","1.705","0.00%"
"Oct 07, 2022","1.705","1.705","1.705","1.705","1.79%"
"Oct 06, 2022","1.675","1.675","1.675","1.675","0.60%"
"Oct 05, 2022","1.665","1.675","1.675","1.665","-0.60%"
"Oct 04, 2022","1.675","1.675","1.675","1.675","-1.18%"
"Oct 03, 2022","1.695","1.695","1.695","1.695","0.00%"
"Sep 30, 2022","1.695","1.695","1.695","1.695","2.42%"
"Sep 29, 2022","1.655","1.655","1.655","1.655","-1.19%"
"Sep 28, 2022","1.675","1.665","1.675","1.665","0.60%"
"Sep 27, 2022","1.665","1.475","1.665","1.475","12.88%"
"Sep 26, 2022","1.475","1.402","1.475","1.402","5.21%"
"Sep 23, 2022","1.402","1.395","1.402","1.395","0.50%"
"Sep 22, 2022","1.395","1.395","1.395","1.395","0.00%"
"Sep 21, 2022","1.395","1.395","1.395","1.395","0.00%"
"Sep 20, 2022","1.395","1.395","1.395","1.395","0.00%"
"Sep 19, 2022","1.395","1.395","1.395","1.395","1.45%"
"Sep 16, 2022","1.375","1.345","1.375","1.345","2.23%"
"Sep 15, 2022","1.345","1.335","1.345","1.335","0.75%"
"Sep 14, 2022","1.335","1.305","1.335","1.305","2.30%"
"Sep 13, 2022","1.305","1.305","1.305","1.305","0.00%"
"Sep 12, 2022","1.305","1.305","1.305","1.305","1.56%"
"Sep 09, 2022","1.285","1.285","1.285","1.285","0.00%"
"Sep 08, 2022","1.285","1.285","1.285","1.285","-2.28%"
"Sep 07, 2022","1.315","1.315","1.315","1.315","0.77%"
"Sep 06, 2022","1.305","1.295","1.305","1.295","0.77%"
"Sep 05, 2022","1.295","1.295","1.295","1.295","-2.26%"
"Sep 02, 2022","1.325","1.255","1.325","1.255","5.58%"
"Sep 01, 2022","1.255","1.235","1.255","1.235","1.62%"
"Aug 31, 2022","1.235","1.215","1.235","1.215","1.65%"
"Aug 30, 2022","1.215","1.235","1.235","1.215","-1.62%"
"Aug 29, 2022","1.235","1.195","1.235","1.195","3.35%"
"Aug 26, 2022","1.195","1.195","1.195","1.195","0.00%"
"Aug 25, 2022","1.195","1.195","1.195","1.195","-0.83%"
"Aug 24, 2022","1.205","1.215","1.215","1.205","-0.82%"
"Aug 23, 2022","1.215","1.205","1.215","1.205","0.83%"
"Aug 22, 2022","1.205","1.205","1.205","1.205","1.69%"
"Aug 19, 2022","1.185","1.185","1.185","1.185","0.00%"
"Aug 18, 2022","1.185","1.185","1.185","1.185","0.00%"
"Aug 17, 2022","1.185","1.169","1.185","1.169","1.37%"
"Aug 16, 2022","1.169","1.170","1.170","1.169","-0.09%"
"Aug 15, 2022","1.170","1.170","1.170","1.170","0.60%"
"Aug 12, 2022","1.163","1.163","1.163","1.163","-1.86%"
"Aug 11, 2022","1.185","1.175","1.185","1.175","0.85%"
"Aug 10, 2022","1.175","1.175","1.175","1.175","0.00%"
"Aug 09, 2022","1.175","1.175","1.175","1.175","-3.29%"
"Aug 08, 2022","1.215","1.215","1.215","1.215","5.19%"
"Aug 05, 2022","1.155","1.155","1.155","1.155","0.00%"
"Aug 04, 2022","1.155","1.175","1.175","1.155","-1.70%"
"Aug 03, 2022","1.175","1.155","1.175","1.155","1.73%"
"Aug 02, 2022","1.155","1.135","1.155","1.135","1.76%"
"Aug 01, 2022","1.135","1.135","1.135","1.135","1.79%"
"Jul 29, 2022","1.115","1.145","1.145","1.115","-2.62%"
"Jul 28, 2022","1.145","1.185","1.185","1.145","-3.38%"
"Jul 27, 2022","1.185","1.195","1.195","1.185","-0.84%"
"Jul 26, 2022","1.195","1.215","1.215","1.195","-1.65%"
"Jul 25, 2022","1.215","1.215","1.215","1.215","-0.82%"
"Jul 22, 2022","1.225","1.255","1.255","1.225","-2.39%"
"Jul 21, 2022","1.255","1.245","1.255","1.245","0.80%"
"Jul 20, 2022","1.245","1.255","1.255","1.245","-0.80%"
"Jul 19, 2022","1.255","1.255","1.255","1.255","0.00%"
"Jul 18, 2022","1.255","1.255","1.255","1.255","0.80%"
"Jul 15, 2022","1.245","1.235","1.245","1.235","0.81%"
"Jul 14, 2022","1.235","1.235","1.235","1.235","0.00%"
"Jul 13, 2022","1.235","1.245","1.245","1.235","-0.80%"
"Jul 12, 2022","1.245","1.245","1.245","1.245","0.00%"
"Jul 11, 2022","1.245","1.245","1.245","1.245","5.06%"
"Jul 08, 2022","1.185","1.195","1.195","1.185","-0.84%"
"Jul 07, 2022","1.195","1.145","1.195","1.145","4.37%"
"Jul 06, 2022","1.145","1.255","1.255","1.145","-8.76%"
"Jul 05, 2022","1.255","1.255","1.255","1.255","0.00%"
"Jul 04, 2022","1.255","1.245","1.255","1.245","0.80%"
"Jul 01, 2022","1.245","1.205","1.245","1.205","3.32%"
"Jun 30, 2022","1.205","1.205","1.205","1.205","0.00%"
"Jun 29, 2022","1.205","1.205","1.205","1.205","2.55%"
"Jun 28, 2022","1.175","1.232","1.232","1.175","-4.63%"
"Jun 27, 2022","1.232","1.245","1.245","1.215","-1.04%"
"Jun 24, 2022","1.245","1.215","1.245","1.215","2.47%"
"Jun 23, 2022","1.215","1.205","1.215","1.205","0.83%"
"Jun 22, 2022","1.205","1.235","1.235","1.205","-2.43%"
"Jun 21, 2022","1.235","1.265","1.265","1.235","-2.37%"
"Jun 20, 2022","1.265","1.185","1.265","1.185","6.75%"
"Jun 17, 2022","1.185","1.355","1.355","1.185","-12.55%"
"Jun 16, 2022","1.355","1.365","1.365","1.355","-0.73%"
"Jun 15, 2022","1.365","1.345","1.365","1.345","1.49%"
"Jun 14, 2022","1.345","1.335","1.345","1.335","0.75%"
"Jun 13, 2022","1.335","1.265","1.335","1.265","5.53%"
"Jun 10, 2022","1.265","1.265","1.265","1.265","0.00%"
"Jun 09, 2022","1.265","1.265","1.265","1.265","0.00%"
"Jun 08, 2022","1.265","1.265","1.265","1.265","0.00%"
"Jun 07, 2022","1.265","1.225","1.265","1.225","3.27%"
"Jun 06, 2022","1.225","1.225","1.225","1.225","0.00%"
"Jun 03, 2022","1.225","1.225","1.225","1.225","0.00%"
"Jun 02, 2022","1.225","1.225","1.225","1.225","2.51%"
"Jun 01, 2022","1.195","1.165","1.195","1.165","2.58%"
"May 31, 2022","1.165","1.135","1.165","1.135","2.64%"
"May 30, 2022","1.135","1.105","1.135","1.105","2.71%"
"May 27, 2022","1.105","1.105","1.105","1.105","0.00%"
"May 26, 2022","1.105","1.105","1.105","1.105","0.00%"
"May 25, 2022","1.105","1.185","1.185","1.105","-6.75%"
"May 24, 2022","1.185","1.165","1.185","1.165","1.72%"
"May 23, 2022","1.165","1.165","1.165","1.165","-7.17%"
"May 20, 2022","1.255","1.255","1.255","1.255","-3.09%"
"May 19, 2022","1.295","1.315","1.315","1.295","-1.52%"
"May 18, 2022","1.315","1.365","1.365","1.315","-3.66%"
"May 17, 2022","1.365","1.415","1.415","1.365","-3.53%"
"May 16, 2022","1.415","1.440","1.440","1.415","-1.74%"
"May 13, 2022","1.440","1.385","1.440","1.385","3.97%"
"May 12, 2022","1.385","1.355","1.385","1.355","2.21%"
"May 11, 2022","1.355","1.359","1.359","1.355","-0.26%"
"May 10, 2022","1.359","1.365","1.365","1.359","-2.27%"
"May 09, 2022","1.390","1.390","1.390","1.390","31.13%"
"May 06, 2022","1.060","1.060","1.060","1.060","0.00%"
"May 05, 2022","1.060","1.060","1.060","1.060","0.47%"
"May 04, 2022","1.055","1.055","1.055","1.055","0.00%"
"May 03, 2022","1.055","1.055","1.055","1.055","1.93%"
"May 02, 2022","1.035","1.035","1.035","1.035","0.00%"
"Apr 29, 2022","1.035","1.025","1.035","1.025","0.98%"
"Apr 28, 2022","1.025","1.020","1.025","1.020","0.49%"
"Apr 27, 2022","1.020","1.025","1.025","1.020","-2.86%"
"Apr 26, 2022","1.050","1.050","1.050","1.050","0.48%"
"Apr 25, 2022","1.045","1.045","1.045","1.045","0.48%"
"Apr 22, 2022","1.040","1.040","1.040","1.040","0.48%"
"Apr 21, 2022","1.035","1.035","1.035","1.035","-0.48%"
"Apr 20, 2022","1.040","1.040","1.040","1.040","4.00%"
"Apr 19, 2022","1.000","0.995","1.000","0.995","0.50%"
"Apr 18, 2022","0.995","0.995","0.995","0.995","-0.50%"
"Apr 15, 2022","1.000","1.005","1.005","1.000","-0.50%"
"Apr 14, 2022","1.005","1.005","1.005","1.005","0.00%"
"Apr 13, 2022","1.005","1.030","1.030","1.005","-2.43%"
"Apr 12, 2022","1.030","1.035","1.035","1.030","-0.48%"
"Apr 11, 2022","1.035","1.035","1.035","1.035","1.97%"
"Apr 08, 2022","1.015","1.015","1.015","1.015","0.00%"
"Apr 07, 2022","1.015","0.955","1.015","0.955","6.28%"
"Apr 06, 2022","0.955","0.940","0.955","0.940","1.60%"
"Apr 05, 2022","0.940","0.940","0.940","0.940","0.00%"
"Apr 04, 2022","0.940","0.940","0.940","0.940","0.00%"
"Apr 01, 2022","0.940","0.945","0.945","0.940","-1.57%"
"Mar 31, 2022","0.955","0.945","0.955","0.945","0.00%"
"Mar 30, 2022","0.955","0.970","0.970","0.955","-1.55%"
"Mar 29, 2022","0.970","0.970","0.970","0.970","-0.51%"
"Mar 28, 2022","0.975","0.945","0.975","0.945","3.17%"
"Mar 25, 2022","0.945","0.930","0.945","0.930","1.61%"
"Mar 24, 2022","0.930","0.930","0.930","0.930","2.76%"
"Mar 23, 2022","0.905","0.865","0.905","0.865","4.62%"
"Mar 22, 2022","0.865","0.865","0.865","0.865","2.98%"
"Mar 21, 2022","0.840","0.835","0.840","0.835","0.60%"
"Mar 18, 2022","0.835","0.760","0.835","0.760","9.87%"
"Mar 17, 2022","0.760","0.760","0.760","0.760","0.00%"
"Mar 16, 2022","0.760","0.750","0.760","0.750","1.33%"
"Mar 15, 2022","0.750","0.730","0.750","0.730","2.74%"
"Mar 14, 2022","0.730","0.730","0.730","0.730","0.00%"
"Mar 11, 2022","0.730","0.730","0.730","0.730","0.00%"
"Mar 10, 2022","0.730","0.715","0.730","0.715","2.10%"
"Mar 09, 2022","0.715","0.700","0.715","0.700","2.14%"
"Mar 08, 2022","0.700","0.695","0.700","0.695","0.72%"
"Mar 07, 2022","0.695","0.695","0.695","0.695","-0.71%"
"Mar 04, 2022","0.700","0.705","0.705","0.700","-0.71%"
"Mar 03, 2022","0.705","0.690","0.705","0.690","2.17%"
"Mar 02, 2022","0.690","0.710","0.710","0.690","-2.82%"
"Mar 01, 2022","0.710","0.715","0.715","0.710","-0.70%"
"Feb 28, 2022","0.715","0.715","0.715","0.715","0.00%"
"Feb 25, 2022","0.715","0.700","0.715","0.700","2.14%"
"Feb 24, 2022","0.700","0.720","0.720","0.700","-2.78%"
"Feb 23, 2022","0.720","0.705","0.720","0.705","2.13%"
"Feb 22, 2022","0.705","0.705","0.705","0.705","0.00%"
"Feb 21, 2022","0.705","0.686","0.705","0.686","2.77%"
"Feb 18, 2022","0.686","0.705","0.705","0.686","-2.70%"
"Feb 17, 2022","0.705","0.694","0.705","0.694","1.59%"
"Feb 16, 2022","0.694","0.687","0.694","0.687","-1.56%"
"Feb 15, 2022","0.705","0.705","0.705","0.705","0.00%"
"Feb 14, 2022","0.705","0.725","0.725","0.705","-2.76%"
"Feb 11, 2022","0.725","0.710","0.725","0.710","2.11%"
"Feb 10, 2022","0.710","0.715","0.715","0.710","-0.70%"
"Feb 09, 2022","0.715","0.710","0.715","0.710","0.70%"
"Feb 08, 2022","0.710","0.710","0.710","0.710","0.00%"
"Feb 07, 2022","0.710","0.690","0.710","0.690","2.90%"
"Feb 04, 2022","0.690","0.690","0.690","0.690","0.00%"
"Feb 03, 2022","0.690","0.690","0.690","0.690","0.00%"
"Feb 02, 2022","0.690","0.690","0.690","0.690","0.00%"
"Feb 01, 2022","0.690","0.690","0.690","0.690","0.00%"
"Jan 31, 2022","0.690","0.690","0.690","0.690","0.00%"
"Jan 28, 2022","0.690","0.690","0.690","0.690","0.00%"
"Jan 27, 2022","0.690","0.695","0.695","0.690","-0.72%"
"Jan 26, 2022","0.695","0.695","0.695","0.695","0.00%"
"Jan 25, 2022","0.695","0.685","0.695","0.685","1.46%"
"Jan 24, 2022","0.685","0.700","0.700","0.685","-2.14%"
"Jan 21, 2022","0.700","0.725","0.725","0.700","-3.45%"
"Jan 20, 2022","0.725","0.740","0.740","0.725","-2.03%"
"Jan 19, 2022","0.740","0.730","0.740","0.730","1.37%"
"Jan 18, 2022","0.730","0.715","0.730","0.715","2.10%"
"Jan 17, 2022","0.715","0.730","0.730","0.715","-2.05%"
"Jan 14, 2022","0.730","0.757","0.757","0.730","-3.57%"
"Jan 13, 2022","0.757","0.774","0.774","0.757","-2.20%"
"Jan 12, 2022","0.774","0.774","0.774","0.774","0.00%"
"Jan 11, 2022","0.774","0.841","0.841","0.774","-7.97%"
"Jan 10, 2022","0.841","0.783","0.841","0.783","7.41%"
"Jan 07, 2022","0.783","0.779","0.783","0.779","0.51%"
"Jan 06, 2022","0.779","0.763","0.779","0.763","2.10%"
"Jan 05, 2022","0.763","0.715","0.763","0.715","6.71%"
"Jan 04, 2022","0.715","0.715","0.715","0.715","0.00%"
"Jan 03, 2022","0.715","0.715","0.715","0.715","0.00%"
"Dec 31, 2021","0.715","0.715","0.715","0.715","0.00%"
"Dec 30, 2021","0.715","0.695","0.715","0.695","2.88%"
"Dec 29, 2021","0.695","0.655","0.695","0.655","6.11%"
"Dec 28, 2021","0.655","0.640","0.655","0.640","2.34%"
"Dec 27, 2021","0.640","0.640","0.640","0.640","0.00%"
"Dec 24, 2021","0.640","0.635","0.640","0.635","0.79%"
"Dec 23, 2021","0.635","0.630","0.635","0.630","0.79%"
"Dec 22, 2021","0.630","0.615","0.630","0.615","2.44%"
"Dec 21, 2021","0.615","0.595","0.615","0.595","3.36%"
"Dec 20, 2021","0.595","0.595","0.595","0.595","5.31%"
"Dec 17, 2021","0.565","0.565","0.565","0.565","0.00%"
"Dec 16, 2021","0.565","0.565","0.565","0.565","0.00%"
"Dec 15, 2021","0.565","0.565","0.565","0.565","0.00%"
"Dec 14, 2021","0.565","0.565","0.565","0.565","0.00%"
"Dec 13, 2021","0.565","0.560","0.565","0.560","0.89%"
"Dec 10, 2021","0.560","0.565","0.565","0.560","-0.88%"
"Dec 09, 2021","0.565","0.555","0.565","0.555","1.80%"
"Dec 08, 2021","0.555","0.550","0.555","0.550","0.91%"
"Dec 07, 2021","0.550","0.565","0.565","0.550","-2.65%"
"Dec 06, 2021","0.565","0.590","0.590","0.565","1.80%"
"Dec 03, 2021","0.555","0.550","0.555","0.550","0.91%"
"Dec 02, 2021","0.550","0.545","0.550","0.545","0.92%"
"Dec 01, 2021","0.545","0.550","0.550","0.545","-0.91%"
"Nov 30, 2021","0.550","0.550","0.550","0.550","0.00%"
"Nov 29, 2021","0.550","0.550","0.550","0.550","0.00%"
"Nov 26, 2021","0.550","0.570","0.570","0.550","-3.51%"
"Nov 25, 2021","0.570","0.570","0.570","0.570","0.00%"
"Nov 24, 2021","0.570","0.575","0.575","0.570","-0.87%"
"Nov 23, 2021","0.575","0.560","0.575","0.560","2.68%"
"Nov 22, 2021","0.560","0.570","0.570","0.560","-1.75%"
"Nov 19, 2021","0.570","0.565","0.570","0.565","0.88%"
"Nov 18, 2021","0.565","0.570","0.570","0.565","-0.88%"
"Nov 17, 2021","0.570","0.560","0.570","0.560","1.79%"
"Nov 16, 2021","0.560","0.555","0.560","0.555","0.90%"
"Nov 15, 2021","0.555","0.545","0.555","0.545","1.83%"
"Nov 12, 2021","0.545","0.540","0.545","0.540","0.93%"
"Nov 11, 2021","0.540","0.535","0.540","0.535","0.93%"
"Nov 10, 2021","0.535","0.545","0.545","0.535","-1.83%"
"Nov 09, 2021","0.545","0.525","0.545","0.525","3.81%"
"Nov 08, 2021","0.525","0.530","0.530","0.525","-0.94%"
"Nov 05, 2021","0.530","0.545","0.545","0.530","-2.75%"
"Nov 04, 2021","0.545","0.540","0.545","0.540","0.93%"
"Nov 03, 2021","0.540","0.560","0.560","0.540","-3.57%"
"Nov 02, 2021","0.560","0.555","0.560","0.555","0.90%"
"Nov 01, 2021","0.555","0.540","0.555","0.540","2.78%"
"Oct 29, 2021","0.540","0.550","0.550","0.540","-1.82%"
"Oct 28, 2021","0.550","0.535","0.550","0.535","2.80%"
"Oct 27, 2021","0.535","0.535","0.535","0.535","-1.83%"
"Oct 26, 2021","0.545","0.513","0.545","0.513","6.24%"
"Oct 25, 2021","0.513","0.513","0.513","0.513","0.00%"
"Oct 22, 2021","0.513","0.513","0.513","0.513","0.00%"
"Oct 21, 2021","0.513","0.480","0.513","0.480","6.88%"
"Oct 20, 2021","0.480","0.485","0.485","0.480","-1.03%"
"Oct 19, 2021","0.485","0.495","0.495","0.479","-2.02%"
"Oct 18, 2021","0.495","0.495","0.495","0.495","5.32%"
"Oct 15, 2021","0.470","0.465","0.470","0.465","1.08%"
"Oct 14, 2021","0.465","0.465","0.465","0.465","0.00%"
"Oct 13, 2021","0.465","0.475","0.475","0.465","-2.11%"
"Oct 12, 2021","0.475","0.460","0.475","0.460","3.26%"
"Oct 11, 2021","0.460","0.460","0.460","0.460","0.00%"
"Oct 08, 2021","0.460","0.445","0.460","0.445","3.37%"
"Oct 07, 2021","0.445","0.435","0.445","0.435","2.30%"
"Oct 06, 2021","0.435","0.435","0.435","0.435","1.16%"
"Oct 05, 2021","0.430","0.430","0.430","0.430","0.00%"
"Oct 04, 2021","0.430","0.430","0.430","0.430","-1.15%"
"Oct 01, 2021","0.435","0.440","0.440","0.435","-1.14%"
"Sep 30, 2021","0.440","0.440","0.440","0.440","0.00%"
"Sep 29, 2021","0.440","0.440","0.440","0.440","0.00%"
"Sep 28, 2021","0.440","0.445","0.445","0.440","-1.12%"
"Sep 27, 2021","0.445","0.445","0.445","0.445","7.23%"
"Sep 24, 2021","0.415","0.400","0.415","0.400","3.75%"
"Sep 23, 2021","0.400","0.410","0.410","0.400","-2.44%"
"Sep 22, 2021","0.410","0.410","0.410","0.410","1.23%"
"Sep 21, 2021","0.405","0.405","0.405","0.405","0.00%"
"Sep 20, 2021","0.405","0.405","0.405","0.405","0.00%"
"Sep 17, 2021","0.405","0.405","0.405","0.405","0.00%"
"Sep 16, 2021","0.405","0.405","0.405","0.405","0.00%"
"Sep 15, 2021","0.405","0.415","0.415","0.405","-2.41%"
"Sep 14, 2021","0.415","0.410","0.415","0.410","1.22%"
"Sep 13, 2021","0.410","0.410","0.410","0.410","1.23%"
"Sep 10, 2021","0.405","0.410","0.410","0.405","-1.22%"
"Sep 09, 2021","0.410","0.415","0.415","0.410","-1.20%"
"Sep 08, 2021","0.415","0.420","0.420","0.415","-1.19%"
"Sep 07, 2021","0.420","0.425","0.425","0.420","-1.18%"
"Sep 06, 2021","0.425","0.425","0.425","0.425","2.41%"
"Sep 03, 2021","0.415","0.415","0.415","0.415","0.00%"
"Sep 02, 2021","0.415","0.415","0.415","0.415","0.00%"
"Sep 01, 2021","0.415","0.415","0.415","0.415","0.00%"
"Aug 31, 2021","0.415","0.410","0.415","0.410","1.22%"
"Aug 30, 2021","0.410","0.415","0.415","0.410","-1.20%"
"Aug 27, 2021","0.415","0.415","0.415","0.415","0.00%"
"Aug 26, 2021","0.415","0.420","0.420","0.415","-1.19%"
"Aug 25, 2021","0.420","0.415","0.420","0.415","1.20%"
"Aug 24, 2021","0.415","0.410","0.415","0.410","1.22%"
"Aug 23, 2021","0.410","0.410","0.410","0.410","0.00%"
"Aug 20, 2021","0.410","0.410","0.410","0.410","0.00%"
"Aug 19, 2021","0.410","0.400","0.410","0.400","2.50%"
"Aug 18, 2021","0.400","0.395","0.400","0.395","1.27%"
"Aug 17, 2021","0.395","0.395","0.395","0.395","0.00%"
"Aug 16, 2021","0.395","0.390","0.395","0.390","1.28%"
"Aug 13, 2021","0.390","0.390","0.390","0.390","0.00%"
"Aug 12, 2021","0.390","0.395","0.395","0.390","-1.27%"
"Aug 11, 2021","0.395","0.395","0.395","0.395","0.00%"
"Aug 10, 2021","0.395","0.395","0.395","0.395","0.00%"
"Aug 09, 2021","0.395","0.395","0.395","0.395","3.95%"
"Aug 06, 2021","0.380","0.380","0.380","0.380","0.00%"
"Aug 05, 2021","0.380","0.375","0.380","0.375","1.33%"
"Aug 04, 2021","0.375","0.385","0.385","0.375","-2.60%"
"Aug 03, 2021","0.385","0.385","0.385","0.385","-1.28%"
"Aug 02, 2021","0.390","0.390","0.390","0.390","0.00%"
"Jul 30, 2021","0.390","0.390","0.390","0.390","0.00%"
"Jul 29, 2021","0.390","0.395","0.395","0.390","-1.27%"
"Jul 28, 2021","0.395","0.390","0.395","0.390","1.28%"
"Jul 27, 2021","0.390","0.380","0.390","0.380","2.63%"
"Jul 26, 2021","0.380","0.385","0.385","0.380","-1.30%"
"Jul 23, 2021","0.385","0.390","0.390","0.385","-1.28%"
"Jul 22, 2021","0.390","0.390","0.390","0.390","1.30%"
"Jul 21, 2021","0.385","0.385","0.385","0.385","0.00%"
"Jul 20, 2021","0.385","0.385","0.385","0.385","0.00%"
"Jul 19, 2021","0.385","0.385","0.385","0.385","0.00%"
"Jul 16, 2021","0.385","0.390","0.390","0.385","-1.28%"
"Jul 15, 2021","0.390","0.395","0.395","0.390","-1.27%"
"Jul 14, 2021","0.395","0.395","0.395","0.395","0.00%"
"Jul 13, 2021","0.395","0.385","0.395","0.385","2.60%"
"Jul 12, 2021","0.385","0.385","0.385","0.385","0.00%"
"Jul 09, 2021","0.385","0.385","0.385","0.385","0.00%"
"Jul 08, 2021","0.385","0.385","0.385","0.385","0.00%"
"Jul 07, 2021","0.385","0.395","0.395","0.385","-2.53%"
"Jul 06, 2021","0.395","0.395","0.395","0.395","0.00%"
"Jul 05, 2021","0.395","0.410","0.410","0.395","-3.66%"
"Jul 02, 2021","0.410","0.410","0.410","0.410","0.00%"
"Jul 01, 2021","0.410","0.410","0.410","0.410","0.00%"
"Jun 30, 2021","0.410","0.415","0.415","0.410","-1.20%"
"Jun 29, 2021","0.415","0.420","0.420","0.415","-1.19%"
"Jun 28, 2021","0.420","0.420","0.420","0.420","0.00%"
"Jun 25, 2021","0.420","0.405","0.420","0.405","3.70%"
"Jun 24, 2021","0.405","0.386","0.405","0.386","4.92%"
"Jun 23, 2021","0.386","0.386","0.386","0.386","-11.47%"
"Jun 22, 2021","0.436","0.436","0.436","0.436","2.83%"
"Jun 21, 2021","0.424","0.424","0.424","0.424","-2.53%"
"Jun 18, 2021","0.435","0.435","0.435","0.435","-3.33%"
"Jun 17, 2021","0.450","0.450","0.450","0.450","0.00%"
"Jun 16, 2021","0.450","0.450","0.450","0.450","11.11%"
"Jun 15, 2021","0.405","0.405","0.405","0.405","0.00%"
"Jun 14, 2021","0.405","0.405","0.405","0.405","0.00%"
"Jun 11, 2021","0.405","0.400","0.405","0.400","1.25%"
"Jun 10, 2021","0.400","0.420","0.420","0.400","-4.76%"
"Jun 09, 2021","0.420","0.405","0.420","0.405","3.70%"
"Jun 08, 2021","0.405","0.395","0.405","0.395","2.53%"
"Jun 07, 2021","0.395","0.410","0.410","0.395","-3.66%"
"Jun 04, 2021","0.410","0.415","0.415","0.410","-1.20%"
"Jun 03, 2021","0.415","0.420","0.420","0.415","-1.19%"
"Jun 02, 2021","0.420","0.415","0.420","0.415","1.20%"
"Jun 01, 2021","0.415","0.410","0.415","0.410","1.22%"
"May 31, 2021","0.410","0.415","0.415","0.410","-1.20%"
"May 28, 2021","0.415","0.410","0.415","0.410","1.22%"
"May 27, 2021","0.410","0.435","0.435","0.410","-5.75%"
"May 26, 2021","0.435","0.440","0.440","0.435","-1.14%"
"May 25, 2021","0.440","0.425","0.440","0.425","3.53%"
"May 24, 2021","0.425","0.435","0.435","0.425","-2.30%"
"May 21, 2021","0.435","0.425","0.435","0.425","2.35%"
"May 20, 2021","0.425","0.430","0.430","0.425","-1.16%"
"May 19, 2021","0.430","0.415","0.430","0.415","3.61%"
"May 18, 2021","0.415","0.400","0.415","0.400","3.75%"
"May 17, 2021","0.400","0.410","0.410","0.400","-2.44%"
"May 14, 2021","0.410","0.415","0.415","0.410","-1.20%"
"May 13, 2021","0.415","0.395","0.415","0.395","5.06%"
"May 12, 2021","0.395","0.395","0.395","0.395","0.00%"
"May 11, 2021","0.395","0.395","0.395","0.395","0.00%"
"May 10, 2021","0.395","0.390","0.395","0.390","1.28%"
"May 07, 2021","0.390","0.390","0.390","0.390","0.00%"
"May 06, 2021","0.390","0.395","0.395","0.390","-1.27%"
"May 05, 2021","0.395","0.385","0.395","0.385","2.60%"
"May 04, 2021","0.385","0.390","0.390","0.385","-1.28%"
"May 03, 2021","0.390","0.390","0.390","0.390","0.00%"
"Apr 30, 2021","0.390","0.390","0.390","0.390","0.00%"
"Apr 29, 2021","0.390","0.395","0.395","0.390","-1.27%"
"Apr 28, 2021","0.395","0.390","0.395","0.390","1.28%"
"Apr 27, 2021","0.390","0.390","0.390","0.390","0.00%"
"Apr 26, 2021","0.390","0.390","0.390","0.390","0.00%"
"Apr 23, 2021","0.390","0.385","0.390","0.385","1.30%"
"Apr 22, 2021","0.385","0.385","0.385","0.385","0.00%"
"Apr 21, 2021","0.385","0.385","0.385","0.385","2.67%"
"Apr 20, 2021","0.375","0.370","0.375","0.370","1.35%"
"Apr 19, 2021","0.370","0.370","0.370","0.370","0.00%"
"Apr 16, 2021","0.370","0.375","0.375","0.370","-1.33%"
"Apr 15, 2021","0.375","0.375","0.375","0.375","0.00%"
"Apr 14, 2021","0.375","0.395","0.395","0.375","-5.06%"
"Apr 13, 2021","0.395","0.390","0.395","0.390","1.28%"
"Apr 12, 2021","0.390","0.405","0.405","0.390","-3.70%"
"Apr 09, 2021","0.405","0.415","0.415","0.405","-2.41%"
"Apr 08, 2021","0.415","0.420","0.420","0.415","-1.19%"
"Apr 07, 2021","0.420","0.430","0.430","0.420","-2.33%"
"Apr 06, 2021","0.430","0.425","0.430","0.425","1.18%"
"Apr 05, 2021","0.425","0.425","0.425","0.425","0.00%"
"Apr 02, 2021","0.425","0.425","0.425","0.425","0.00%"
"Apr 01, 2021","0.425","0.415","0.425","0.415","2.41%"
"Mar 31, 2021","0.415","0.405","0.415","0.405","2.47%"
"Mar 30, 2021","0.405","0.395","0.405","0.395","2.53%"
"Mar 29, 2021","0.395","0.385","0.395","0.385","2.60%"
"Mar 26, 2021","0.385","0.385","0.385","0.385","0.00%"
"Mar 25, 2021","0.385","0.385","0.385","0.385","-2.53%"
"Mar 24, 2021","0.395","0.405","0.405","0.395","-2.47%"
"Mar 23, 2021","0.405","0.405","0.405","0.405","-3.57%"
"Mar 22, 2021","0.420","0.425","0.425","0.420","-1.18%"
"Mar 19, 2021","0.425","0.400","0.425","0.400","6.25%"
"Mar 18, 2021","0.400","0.390","0.400","0.390","2.56%"
"Mar 17, 2021","0.390","0.390","0.390","0.390","-7.14%"
"Mar 16, 2021","0.420","0.400","0.420","0.400","5.00%"
"Mar 15, 2021","0.400","0.400","0.400","0.400","0.00%"
"Mar 12, 2021","0.400","0.405","0.405","0.400","-1.23%"
"Mar 11, 2021","0.405","0.405","0.405","0.405","0.00%"
"Mar 10, 2021","0.405","0.400","0.405","0.400","1.25%"
"Mar 09, 2021","0.400","0.390","0.400","0.390","2.56%"
"Mar 08, 2021","0.390","0.390","0.390","0.390","0.00%"
"Mar 05, 2021","0.390","0.370","0.390","0.370","5.41%"
"Mar 04, 2021","0.370","0.360","0.370","0.360","2.78%"
"Mar 03, 2021","0.360","0.365","0.365","0.360","-1.37%"
"Mar 02, 2021","0.365","0.335","0.365","0.335","8.96%"
"Mar 01, 2021","0.335","0.335","0.335","0.335","0.00%"
"Feb 26, 2021","0.335","0.335","0.335","0.335","0.00%"
"Feb 25, 2021","0.335","0.360","0.360","0.335","-6.94%"
"Feb 24, 2021","0.360","0.365","0.365","0.360","-1.37%"
"Feb 23, 2021","0.365","0.332","0.365","0.332","9.94%"
"Feb 22, 2021","0.332","0.332","0.332","0.332","0.00%"
"Feb 19, 2021","0.332","0.327","0.332","0.327","1.53%"
"Feb 18, 2021","0.327","0.345","0.345","0.327","-5.22%"
"Feb 17, 2021","0.345","0.320","0.345","0.320","7.81%"
"Feb 16, 2021","0.320","0.320","0.320","0.320","0.00%"
"Feb 15, 2021","0.320","0.320","0.320","0.320","0.00%"
"Feb 12, 2021","0.320","0.320","0.320","0.320","0.00%"
"Feb 11, 2021","0.320","0.320","0.320","0.320","0.00%"
"Feb 10, 2021","0.320","0.320","0.320","0.320","0.00%"
"Feb 09, 2021","0.320","0.320","0.320","0.320","0.00%"
"Feb 08, 2021","0.320","0.320","0.320","0.320","0.00%"
"Feb 05, 2021","0.320","0.320","0.320","0.320","0.00%"
"Feb 04, 2021","0.320","0.310","0.320","0.310","3.23%"
"Feb 03, 2021","0.310","0.310","0.310","0.310","0.00%"
"Feb 02, 2021","0.310","0.315","0.315","0.310","-1.59%"
"Feb 01, 2021","0.315","0.305","0.315","0.305","3.28%"
"Jan 29, 2021","0.305","0.315","0.315","0.305","-3.17%"
"Jan 28, 2021","0.315","0.315","0.315","0.315","0.00%"
"Jan 27, 2021","0.315","0.320","0.320","0.315","-1.56%"
"Jan 26, 2021","0.320","0.310","0.320","0.310","3.23%"
"Jan 25, 2021","0.310","0.305","0.310","0.305","1.64%"
"Jan 22, 2021","0.305","0.300","0.305","0.300","1.67%"
"Jan 21, 2021","0.300","0.310","0.310","0.300","-3.23%"
"Jan 20, 2021","0.310","0.305","0.310","0.305","1.64%"
"Jan 19, 2021","0.305","0.300","0.305","0.300","1.67%"
"Jan 18, 2021","0.300","0.310","0.310","0.300","-3.23%"
"Jan 15, 2021","0.310","0.305","0.310","0.305","1.64%"
"Jan 14, 2021","0.305","0.310","0.310","0.305","-1.61%"
"Jan 13, 2021","0.310","0.320","0.320","0.310","-3.12%"
"Jan 12, 2021","0.320","0.325","0.325","0.320","-1.54%"
"Jan 11, 2021","0.325","0.320","0.325","0.320","1.56%"
"Jan 08, 2021","0.320","0.320","0.320","0.320","14.29%"
"Jan 07, 2021","0.280","0.270","0.280","0.270","3.70%"
"Jan 06, 2021","0.270","0.270","0.270","0.270","0.00%"
"Jan 05, 2021","0.270","0.285","0.285","0.270","-5.26%"
"Jan 04, 2021","0.285","0.295","0.295","0.285","-3.39%"
"Dec 31, 2020","0.295","0.305","0.305","0.295","-3.28%"
"Dec 30, 2020","0.305","0.300","0.305","0.300","1.67%"
"Dec 29, 2020","0.300","0.295","0.300","0.295","1.69%"
"Dec 28, 2020","0.295","0.305","0.305","0.295","-3.28%"
"Dec 25, 2020","0.305","0.305","0.305","0.305","0.00%"
"Dec 24, 2020","0.305","0.275","0.305","0.275","10.91%"
"Dec 23, 2020","0.275","0.265","0.275","0.265","3.77%"
"Dec 22, 2020","0.265","0.265","0.265","0.265","0.00%"
"Dec 21, 2020","0.265","0.265","0.265","0.265","0.00%"
"Dec 18, 2020","0.265","0.275","0.275","0.265","-3.64%"
"Dec 17, 2020","0.275","0.275","0.275","0.275","0.00%"
"Dec 16, 2020","0.275","0.270","0.275","0.270","1.85%"
"Dec 15, 2020","0.270","0.275","0.275","0.270","-1.82%"
"Dec 14, 2020","0.275","0.291","0.291","0.275","-5.50%"
"Dec 11, 2020","0.291","0.300","0.300","0.291","-3.00%"
"Dec 10, 2020","0.300","0.320","0.320","0.300","-6.25%"
"Dec 09, 2020","0.320","0.320","0.320","0.320","10.34%"
"Dec 08, 2020","0.290","0.280","0.290","0.280","3.57%"
"Dec 07, 2020","0.280","0.260","0.280","0.260","7.69%"
"Dec 04, 2020","0.260","0.250","0.260","0.250","4.00%"
"Dec 03, 2020","0.250","0.230","0.250","0.230","8.70%"
"Dec 02, 2020","0.230","0.235","0.235","0.230","-2.13%"
"Dec 01, 2020","0.235","0.240","0.240","0.235","-2.08%"
"Nov 30, 2020","0.240","0.245","0.245","0.240","-2.04%"
"Nov 27, 2020","0.245","0.230","0.245","0.230","6.52%"
"Nov 26, 2020","0.230","0.265","0.265","0.230","-13.21%"
"Nov 25, 2020","0.265","0.265","0.265","0.265","0.00%"
"Nov 24, 2020","0.265","0.260","0.265","0.260","1.92%"
"Nov 23, 2020","0.260","0.260","0.260","0.260","0.00%"
"Nov 20, 2020","0.260","0.270","0.270","0.260","-3.70%"
"Nov 19, 2020","0.270","0.270","0.270","0.270","0.00%"
"Nov 18, 2020","0.270","0.275","0.275","0.270","-1.82%"
"Nov 17, 2020","0.275","0.270","0.275","0.270","1.85%"
"Nov 16, 2020","0.270","0.285","0.285","0.270","-5.26%"
"Nov 13, 2020","0.285","0.285","0.285","0.285","0.00%"
"Nov 12, 2020","0.285","0.285","0.285","0.285","0.00%"
"Nov 11, 2020","0.285","0.280","0.285","0.280","1.79%"
"Nov 10, 2020","0.280","0.275","0.280","0.275","1.82%"
"Nov 09, 2020","0.275","0.275","0.275","0.275","0.00%"
"Nov 06, 2020","0.275","0.275","0.275","0.275","-1.79%"
"Nov 05, 2020","0.280","0.295","0.295","0.280","-5.08%"
"Nov 04, 2020","0.295","0.305","0.305","0.295","-3.28%"
"Nov 03, 2020","0.305","0.305","0.305","0.305","0.00%"
"Nov 02, 2020","0.305","0.305","0.305","0.305","-1.61%"
"Oct 30, 2020","0.310","0.300","0.310","0.300","3.33%"
"Oct 29, 2020","0.300","0.320","0.320","0.300","-6.25%"
"Oct 28, 2020","0.320","0.305","0.320","0.305","4.92%"
"Oct 27, 2020","0.305","0.305","0.305","0.305","0.00%"
"Oct 26, 2020","0.305","0.300","0.305","0.300","1.67%"
"Oct 23, 2020","0.300","0.310","0.310","0.300","-3.23%"
"Oct 22, 2020","0.310","0.300","0.310","0.300","3.33%"
"Oct 21, 2020","0.300","0.300","0.300","0.300","-3.23%"
"Oct 20, 2020","0.310","0.305","0.310","0.305","1.64%"
"Oct 19, 2020","0.305","0.300","0.305","0.300","1.67%"
"Oct 16, 2020","0.300","0.310","0.310","0.300","-3.23%"
"Oct 15, 2020","0.310","0.275","0.310","0.275","12.73%"
"Oct 14, 2020","0.275","0.305","0.305","0.275","-9.84%"
"Oct 13, 2020","0.305","0.310","0.310","0.305","-1.61%"
"Oct 12, 2020","0.310","0.310","0.310","0.310","0.00%"
"Oct 09, 2020","0.310","0.310","0.310","0.310","0.00%"
"Oct 08, 2020","0.310","0.329","0.329","0.310","-17.33%"
"Oct 07, 2020","0.375","0.385","0.385","0.375","-2.60%"
"Oct 06, 2020","0.385","0.380","0.385","0.380","1.32%"
"Oct 05, 2020","0.380","0.385","0.385","0.380","-1.30%"
"Oct 02, 2020","0.385","0.385","0.385","0.385","0.00%"
"Oct 01, 2020","0.385","0.385","0.385","0.385","0.00%"
"Sep 30, 2020","0.385","0.405","0.405","0.385","-4.94%"
"Sep 29, 2020","0.405","0.410","0.410","0.405","-1.22%"
"Sep 28, 2020","0.410","0.410","0.410","0.410","0.00%"
"Sep 25, 2020","0.410","0.415","0.415","0.410","-1.20%"
"Sep 24, 2020","0.415","0.390","0.415","0.390","6.41%"
"Sep 23, 2020","0.390","0.390","0.390","0.390","0.00%"
"Sep 22, 2020","0.390","0.385","0.390","0.385","1.30%"
"Sep 21, 2020","0.385","0.380","0.385","0.380","1.32%"
"Sep 18, 2020","0.380","0.390","0.390","0.380","-2.56%"
"Sep 17, 2020","0.390","0.390","0.390","0.390","0.00%"
"Sep 16, 2020","0.390","0.405","0.405","0.390","-3.70%"
"Sep 15, 2020","0.405","0.405","0.405","0.405","0.00%"
"Sep 14, 2020","0.405","0.380","0.405","0.380","6.58%"
"Sep 11, 2020","0.380","0.385","0.385","0.380","-1.30%"
"Sep 10, 2020","0.385","0.390","0.390","0.385","-1.28%"
"Sep 09, 2020","0.390","0.395","0.395","0.390","-1.27%"
"Sep 08, 2020","0.395","0.395","0.395","0.395","0.00%"
"Sep 07, 2020","0.395","0.390","0.395","0.390","1.28%"
"Sep 04, 2020","0.390","0.380","0.390","0.380","2.63%"
"Sep 03, 2020","0.380","0.380","0.380","0.380","0.00%"
"Sep 02, 2020","0.380","0.390","0.390","0.380","-2.56%"
"Sep 01, 2020","0.390","0.385","0.390","0.385","1.30%"
"Aug 31, 2020","0.385","0.390","0.390","0.385","-1.28%"
"Aug 28, 2020","0.390","0.375","0.390","0.375","4.00%"
"Aug 27, 2020","0.375","0.390","0.390","0.375","-3.85%"
"Aug 26, 2020","0.390","0.370","0.390","0.370","5.41%"
"Aug 25, 2020","0.370","0.365","0.370","0.365","1.37%"
"Aug 24, 2020","0.365","0.370","0.370","0.365","-1.35%"
"Aug 21, 2020","0.370","0.365","0.370","0.365","1.37%"
"Aug 20, 2020","0.365","0.365","0.365","0.365","0.00%"
"Aug 19, 2020","0.365","0.370","0.370","0.365","-1.35%"
"Aug 18, 2020","0.370","0.370","0.370","0.370","0.00%"
"Aug 17, 2020","0.370","0.365","0.370","0.365","1.37%"
"Aug 14, 2020","0.365","0.360","0.365","0.360","1.39%"
"Aug 13, 2020","0.360","0.355","0.360","0.355","1.41%"
"Aug 12, 2020","0.355","0.350","0.355","0.350","1.43%"
"Aug 11, 2020","0.350","0.345","0.350","0.345","1.45%"
"Aug 10, 2020","0.345","0.365","0.365","0.345","-5.48%"
"Aug 07, 2020","0.365","0.365","0.365","0.365","7.35%"
"Aug 06, 2020","0.340","0.345","0.345","0.340","-1.45%"
"Aug 05, 2020","0.345","0.350","0.350","0.345","-1.43%"
"Aug 04, 2020","0.350","0.365","0.365","0.350","-4.11%"
"Aug 03, 2020","0.365","0.365","0.365","0.365","0.00%"
"Jul 31, 2020","0.365","0.365","0.365","0.365","0.00%"
"Jul 30, 2020","0.365","0.370","0.370","0.365","-1.35%"
"Jul 29, 2020","0.370","0.370","0.370","0.370","0.00%"
"Jul 28, 2020","0.370","0.370","0.370","0.370","0.00%"
"Jul 27, 2020","0.370","0.365","0.370","0.365","1.37%"
"Jul 24, 2020","0.365","0.370","0.370","0.365","-1.35%"
"Jul 23, 2020","0.370","0.375","0.375","0.370","-1.33%"
"Jul 22, 2020","0.375","0.375","0.375","0.375","0.00%"
"Jul 21, 2020","0.375","0.375","0.375","0.375","0.00%"
"Jul 20, 2020","0.375","0.385","0.385","0.375","-2.60%"
"Jul 17, 2020","0.385","0.395","0.395","0.385","-2.53%"
"Jul 16, 2020","0.395","0.395","0.395","0.395","0.00%"
"Jul 15, 2020","0.395","0.400","0.400","0.395","-1.25%"
"Jul 14, 2020","0.400","0.395","0.400","0.395","1.27%"
"Jul 13, 2020","0.395","0.395","0.395","0.395","0.00%"
"Jul 10, 2020","0.395","0.395","0.395","0.395","0.00%"
"Jul 09, 2020","0.395","0.395","0.395","0.395","0.00%"
"Jul 08, 2020","0.395","0.395","0.395","0.395","0.00%"
"Jul 07, 2020","0.395","0.395","0.395","0.395","0.00%"
"Jul 06, 2020","0.395","0.395","0.395","0.395","0.00%"
"Jul 03, 2020","0.395","0.400","0.400","0.395","-1.25%"
"Jul 02, 2020","0.400","0.395","0.400","0.395","1.27%"
"Jul 01, 2020","0.395","0.395","0.395","0.395","0.00%"
"Jun 30, 2020","0.395","0.390","0.395","0.390","1.28%"
"Jun 29, 2020","0.390","0.400","0.400","0.390","-2.50%"
"Jun 26, 2020","0.400","0.400","0.400","0.400","0.00%"
"Jun 25, 2020","0.400","0.400","0.400","0.400","0.00%"
"Jun 24, 2020","0.400","0.405","0.405","0.400","-1.23%"
"Jun 23, 2020","0.405","0.400","0.405","0.400","1.25%"
"Jun 22, 2020","0.400","0.400","0.400","0.400","0.00%"
"Jun 19, 2020","0.400","0.395","0.400","0.395","1.27%"
"Jun 18, 2020","0.395","0.400","0.400","0.395","-1.25%"
"Jun 17, 2020","0.400","0.405","0.405","0.400","-1.23%"
"Jun 16, 2020","0.405","0.405","0.405","0.405","0.00%"
"Jun 15, 2020","0.405","0.395","0.405","0.395","2.53%"
"Jun 12, 2020","0.395","0.415","0.415","0.395","-4.82%"
"Jun 11, 2020","0.415","0.430","0.430","0.415","-3.49%"
"Jun 10, 2020","0.430","0.430","0.430","0.430","0.00%"
"Jun 09, 2020","0.430","0.397","0.430","0.397","8.31%"
"Jun 08, 2020","0.397","0.485","0.485","0.397","-18.14%"
"Jun 05, 2020","0.485","0.480","0.485","0.480","1.04%"
"Jun 04, 2020","0.480","0.475","0.480","0.475","1.05%"
"Jun 03, 2020","0.475","0.470","0.475","0.470","1.06%"
"Jun 02, 2020","0.470","0.470","0.470","0.470","0.00%"
"Jun 01, 2020","0.470","0.465","0.470","0.465","1.08%"
"May 29, 2020","0.465","0.470","0.470","0.465","-1.06%"
"May 28, 2020","0.470","0.470","0.470","0.470","0.00%"
"May 27, 2020","0.470","0.470","0.470","0.470","0.00%"
"May 26, 2020","0.470","0.465","0.470","0.465","1.08%"
"May 25, 2020","0.465","0.465","0.465","0.465","0.00%"
"May 22, 2020","0.465","0.465","0.465","0.465","0.00%"
"May 21, 2020","0.465","0.475","0.475","0.465","-2.11%"
"May 20, 2020","0.475","0.470","0.475","0.470","1.06%"
"May 19, 2020","0.470","0.460","0.470","0.460","2.17%"
"May 18, 2020","0.460","0.455","0.460","0.455","1.10%"
"May 15, 2020","0.455","0.455","0.455","0.455","0.00%"
"May 14, 2020","0.455","0.470","0.470","0.455","-3.19%"
"May 13, 2020","0.470","0.470","0.470","0.470","0.00%"
"May 12, 2020","0.470","0.470","0.470","0.470","0.00%"
"May 11, 2020","0.470","0.465","0.470","0.465","1.08%"
"May 08, 2020","0.465","0.475","0.475","0.465","-2.11%"
"May 07, 2020","0.475","0.475","0.475","0.475","0.00%"
"May 06, 2020","0.475","0.470","0.475","0.470","1.06%"
"May 05, 2020","0.470","0.470","0.470","0.470","0.00%"
"May 04, 2020","0.470","0.480","0.480","0.470","-2.08%"
"May 01, 2020","0.480","0.480","0.480","0.480","0.00%"
"Apr 30, 2020","0.480","0.470","0.480","0.470","2.13%"
"Apr 29, 2020","0.470","0.475","0.475","0.470","-1.05%"
"Apr 28, 2020","0.475","0.460","0.475","0.460","3.26%"
"Apr 27, 2020","0.460","0.445","0.460","0.445","3.37%"
"Apr 24, 2020","0.445","0.455","0.455","0.445","-2.20%"
"Apr 23, 2020","0.455","0.470","0.470","0.455","-3.19%"
"Apr 22, 2020","0.470","0.480","0.480","0.470","-2.08%"
"Apr 21, 2020","0.480","0.505","0.505","0.480","-4.95%"
"Apr 20, 2020","0.505","0.495","0.505","0.495","2.02%"
"Apr 17, 2020","0.495","0.480","0.495","0.480","3.13%"
"Apr 16, 2020","0.480","0.495","0.495","0.480","-3.03%"
"Apr 15, 2020","0.495","0.510","0.510","0.495","-2.94%"
"Apr 14, 2020","0.510","0.510","0.510","0.510","0.00%"
"Apr 13, 2020","0.510","0.505","0.510","0.505","0.99%"
"Apr 10, 2020","0.505","0.505","0.505","0.505","0.00%"
"Apr 09, 2020","0.505","0.520","0.520","0.505","-2.88%"
"Apr 08, 2020","0.520","0.495","0.520","0.495","5.05%"
"Apr 07, 2020","0.495","0.470","0.495","0.470","5.32%"
"Apr 06, 2020","0.470","0.450","0.470","0.450","4.44%"
"Apr 03, 2020","0.450","0.450","0.450","0.450","0.00%"
"Apr 02, 2020","0.450","0.450","0.450","0.450","0.00%"
"Apr 01, 2020","0.450","0.480","0.480","0.450","-6.25%"
"Mar 31, 2020","0.480","0.460","0.480","0.460","4.35%"
"Mar 30, 2020","0.460","0.480","0.480","0.460","-4.17%"
"Mar 27, 2020","0.480","0.510","0.510","0.480","-5.88%"
"Mar 26, 2020","0.510","0.530","0.530","0.510","-3.77%"
"Mar 25, 2020","0.530","0.505","0.530","0.505","4.95%"
"Mar 24, 2020","0.505","0.475","0.505","0.475","6.32%"
"Mar 23, 2020","0.475","0.520","0.520","0.475","-8.65%"
"Mar 20, 2020","0.520","0.665","0.665","0.520","-21.80%"
"Mar 19, 2020","0.665","0.565","0.665","0.565","17.70%"
"Mar 18, 2020","0.565","0.500","0.565","0.500","13.00%"
"Mar 17, 2020","0.500","0.465","0.500","0.465","7.53%"
"Mar 16, 2020","0.465","0.490","0.490","0.465","-5.10%"
"Mar 13, 2020","0.490","0.440","0.490","0.440","11.36%"
"Mar 12, 2020","0.440","0.450","0.450","0.440","-2.22%"
"Mar 11, 2020","0.450","0.450","0.450","0.450","0.00%"
"Mar 10, 2020","0.450","0.435","0.450","0.435","3.45%"
"Mar 09, 2020","0.435","0.475","0.475","0.435","-8.42%"
"Mar 06, 2020","0.475","0.490","0.490","0.475","-3.06%"
"Mar 05, 2020","0.490","0.475","0.490","0.475","3.16%"
"Mar 04, 2020","0.475","0.498","0.498","0.475","-4.52%"
"Mar 03, 2020","0.498","0.498","0.498","0.498","0.00%"
"Mar 02, 2020","0.498","0.507","0.507","0.498","-1.97%"
"Feb 28, 2020","0.507","0.507","0.507","0.507","0.00%"
"Feb 27, 2020","0.507","0.517","0.517","0.507","-1.93%"
"Feb 26, 2020","0.517","0.512","0.517","0.512","0.98%"
"Feb 25, 2020","0.512","0.522","0.522","0.512","-1.91%"
"Feb 24, 2020","0.522","0.512","0.522","0.512","1.95%"
"Feb 21, 2020","0.512","0.533","0.533","0.512","-3.76%"
"Feb 20, 2020","0.533","0.533","0.533","0.533","0.00%"
"Feb 19, 2020","0.533","0.522","0.533","0.522","1.91%"
"Feb 18, 2020","0.522","0.563","0.563","0.522","-7.11%"
"Feb 17, 2020","0.563","0.572","0.572","0.563","-1.75%"
"Feb 14, 2020","0.572","0.572","0.572","0.572","0.00%"
"Feb 13, 2020","0.572","0.577","0.577","0.572","-0.87%"
"Feb 12, 2020","0.577","0.577","0.577","0.577","0.00%"
"Feb 11, 2020","0.577","0.563","0.577","0.563","2.67%"
"Feb 10, 2020","0.563","0.563","0.563","0.563","0.00%"
"Feb 07, 2020","0.563","0.572","0.572","0.563","-1.75%"
"Feb 06, 2020","0.572","0.577","0.577","0.572","-0.87%"
"Feb 05, 2020","0.577","0.572","0.577","0.572","0.87%"
"Feb 04, 2020","0.572","0.567","0.572","0.567","0.88%"
"Feb 03, 2020","0.567","0.577","0.577","0.567","-1.73%"
"Jan 31, 2020","0.577","0.563","0.577","0.563","2.67%"
"Jan 30, 2020","0.563","0.598","0.598","0.563","-5.86%"
"Jan 29, 2020","0.598","0.598","0.598","0.598","0.00%"
"Jan 28, 2020","0.598","0.598","0.598","0.598","0.00%"
"Jan 27, 2020","0.598","0.598","0.598","0.598","0.00%"
"Jan 24, 2020","0.598","0.598","0.598","0.598","0.00%"
"Jan 23, 2020","0.598","0.598","0.598","0.598","0.00%"
"Jan 22, 2020","0.598","0.598","0.598","0.598","0.00%"
"Jan 21, 2020","0.598","0.598","0.598","0.598","0.00%"
"Jan 20, 2020","0.598","0.587","0.598","0.587","1.70%"
"Jan 17, 2020","0.587","0.608","0.608","0.587","-3.29%"
"Jan 16, 2020","0.608","0.608","0.608","0.608","0.00%"
"Jan 15, 2020","0.608","0.623","0.623","0.608","-2.41%"
"Jan 14, 2020","0.623","0.632","0.632","0.623","-1.58%"
"Jan 13, 2020","0.632","0.618","0.632","0.618","2.43%"
"Jan 10, 2020","0.618","0.627","0.627","0.618","-1.59%"
"Jan 09, 2020","0.627","0.623","0.627","0.623","0.80%"
"Jan 08, 2020","0.623","0.623","0.623","0.623","0.00%"
"Jan 07, 2020","0.623","0.623","0.623","0.623","0.00%"
"Jan 06, 2020","0.623","0.632","0.632","0.623","-1.58%"
"Jan 03, 2020","0.632","0.632","0.632","0.632","-3.07%"
"Jan 02, 2020","0.652","0.652","0.652","0.652","0.00%"
"Jan 01, 2020","0.652","0.652","0.652","0.652","0.00%"
"Dec 31, 2019","0.652","0.652","0.652","0.652","0.00%"
"Dec 30, 2019","0.652","0.647","0.652","0.647","0.77%"
"Dec 27, 2019","0.647","0.647","0.647","0.647","0.00%"
"Dec 26, 2019","0.647","0.637","0.647","0.637","1.57%"
"Dec 25, 2019","0.637","0.637","0.637","0.637","0.00%"
"Dec 24, 2019","0.637","0.647","0.647","0.637","-1.54%"
"Dec 23, 2019","0.647","0.642","0.647","0.642","0.78%"
"Dec 20, 2019","0.642","0.652","0.652","0.642","-1.53%"
"Dec 19, 2019","0.652","0.647","0.652","0.647","0.77%"
"Dec 18, 2019","0.647","0.652","0.652","0.647","-0.77%"
"Dec 17, 2019","0.652","0.647","0.652","0.647","0.77%"
"Dec 16, 2019","0.647","0.658","0.658","0.647","-1.52%"
"Dec 13, 2019","0.658","0.658","0.658","0.658","0.00%"
"Dec 12, 2019","0.658","0.658","0.658","0.658","0.00%"
"Dec 11, 2019","0.658","0.652","0.658","0.652","0.77%"
"Dec 10, 2019","0.652","0.663","0.663","0.652","-1.51%"
"Dec 09, 2019","0.663","0.647","0.663","0.647","2.32%"
"Dec 06, 2019","0.647","0.652","0.652","0.647","-0.77%"
"Dec 05, 2019","0.652","0.663","0.663","0.652","-1.51%"
"Dec 04, 2019","0.663","0.663","0.663","0.663","0.00%"
"Dec 03, 2019","0.663","0.668","0.668","0.663","-0.75%"
"Dec 02, 2019","0.668","0.663","0.668","0.663","0.75%"
"Nov 29, 2019","0.663","0.663","0.663","0.663","0.00%"
"Nov 28, 2019","0.663","0.663","0.663","0.663","0.00%"
"Nov 27, 2019","0.663","0.668","0.668","0.663","-0.75%"
"Nov 26, 2019","0.668","0.668","0.668","0.668","0.00%"
"Nov 25, 2019","0.668","0.668","0.668","0.668","0.00%"
"Nov 22, 2019","0.668","0.658","0.668","0.658","1.52%"
"Nov 21, 2019","0.658","0.652","0.658","0.652","0.77%"
"Nov 20, 2019","0.652","0.678","0.678","0.652","-3.69%"
"Nov 19, 2019","0.678","0.678","0.678","0.678","0.00%"
"Nov 18, 2019","0.678","0.683","0.683","0.678","-0.73%"
"Nov 15, 2019","0.683","0.673","0.683","0.673","1.49%"
"Nov 14, 2019","0.673","0.678","0.678","0.673","-0.74%"
"Nov 13, 2019","0.678","0.673","0.678","0.673","0.74%"
"Nov 12, 2019","0.673","0.673","0.673","0.673","0.00%"
"Nov 11, 2019","0.673","0.683","0.683","0.673","-1.47%"
"Nov 08, 2019","0.683","0.683","0.683","0.683","-1.09%"
"Oct 31, 2019","0.690","0.690","0.690","0.690","0.00%"
"Oct 30, 2019","0.690","0.690","0.690","0.690","0.00%"
"Oct 29, 2019","0.690","0.690","0.690","0.690","0.00%"
"Oct 28, 2019","0.690","0.690","0.690","0.690","0.00%"
"Oct 25, 2019","0.690","0.690","0.690","0.690","0.00%"
"Oct 24, 2019","0.690","0.690","0.690","0.690","0.00%"
"Oct 23, 2019","0.690","0.690","0.690","0.690","2.99%"
"Oct 22, 2019","0.670","0.690","0.690","0.670","0.00%"
"Oct 21, 2019","0.670","0.670","0.670","0.670","0.00%"
"Oct 18, 2019","0.670","0.670","0.670","0.670","1.52%"
"Oct 17, 2019","0.660","0.660","0.660","0.660","-1.49%"
"Oct 16, 2019","0.670","0.680","0.680","0.670","-2.90%"
"Oct 15, 2019","0.690","0.710","0.710","0.690","-2.82%"
"Oct 14, 2019","0.710","0.710","0.710","0.710","1.43%"
"Oct 09, 2019","0.700","0.700","0.700","0.700","-1.41%"
"Oct 08, 2019","0.710","0.710","0.710","0.710","0.00%"
"Oct 07, 2019","0.710","0.710","0.710","0.710","-2.74%"
"Oct 04, 2019","0.730","0.730","0.730","0.730","0.00%"
"Oct 03, 2019","0.730","0.730","0.730","0.730","0.00%"
"Oct 02, 2019","0.730","0.730","0.730","0.730","0.00%"
"Oct 01, 2019","0.730","0.730","0.730","0.730","1.39%"
"Sep 27, 2019","0.720","0.720","0.720","0.720","-0.41%"
"Sep 26, 2019","0.723","0.723","0.723","0.723","1.83%"
"Sep 25, 2019","0.710","0.710","0.710","0.710","-4.05%"
"Sep 24, 2019","0.740","0.740","0.740","0.740","1.37%"
"Sep 23, 2019","0.730","0.730","0.730","0.730","0.00%"
"Sep 20, 2019","0.730","0.730","0.730","0.730","1.39%"
"Sep 19, 2019","0.720","0.720","0.720","0.720","0.00%"
"Sep 18, 2019","0.720","0.720","0.720","0.720","-2.70%"
"Sep 17, 2019","0.740","0.740","0.740","0.740","2.78%"
"Sep 16, 2019","0.720","0.720","0.720","0.720","1.41%"
"Sep 12, 2019","0.710","0.710","0.710","0.710","4.41%"
"Sep 11, 2019","0.680","0.710","0.710","0.680","-4.23%"
"Sep 10, 2019","0.710","0.710","0.710","0.710","4.41%"
"Sep 09, 2019","0.680","0.680","0.680","0.680","-1.45%"
"Sep 06, 2019","0.690","0.690","0.690","0.690","1.47%"
"Sep 05, 2019","0.680","0.680","0.680","0.680","0.00%"
"Sep 04, 2019","0.680","0.680","0.680","0.680","0.00%"
"Sep 03, 2019","0.680","0.680","0.680","0.680","0.00%"
"Aug 30, 2019","0.680","0.680","0.680","0.680","0.00%"
"Aug 29, 2019","0.680","0.680","0.680","0.680","0.00%"
"Aug 28, 2019","0.680","0.680","0.680","0.680","0.00%"
"Aug 27, 2019","0.680","0.680","0.680","0.680","4.62%"
"Aug 26, 2019","0.650","0.650","0.650","0.650","-4.41%"
"Aug 23, 2019","0.680","0.680","0.680","0.680","3.03%"
"Aug 22, 2019","0.660","0.660","0.660","0.660","0.00%"
"Aug 21, 2019","0.660","0.660","0.660","0.660","0.00%"
"Aug 20, 2019","0.660","0.660","0.660","0.660","0.00%"
"Aug 19, 2019","0.660","0.660","0.660","0.660","3.13%"
"Aug 16, 2019","0.640","0.640","0.640","0.640","1.59%"
"Aug 15, 2019","0.630","0.630","0.630","0.630","-3.08%"
"Aug 14, 2019","0.650","0.650","0.650","0.650","1.56%"
"Aug 13, 2019","0.640","0.640","0.640","0.640","-3.03%"
"Aug 12, 2019","0.660","0.660","0.660","0.660","-0.75%"
"Aug 08, 2019","0.665","0.675","0.675","0.665","-1.48%"
"Aug 07, 2019","0.675","0.680","0.680","0.675","-2.17%"
"Aug 06, 2019","0.690","0.680","0.690","0.680","1.47%"
"Aug 05, 2019","0.680","0.700","0.700","0.680","-2.86%"
"Aug 02, 2019","0.700","0.700","0.700","0.700","0.00%"
"Aug 01, 2019","0.700","0.690","0.700","0.690","1.45%"
"Jul 31, 2019","0.690","0.695","0.695","0.690","-0.72%"
"Jul 30, 2019","0.695","0.695","0.695","0.695","0.00%"
"Jul 29, 2019","0.695","0.690","0.695","0.690","0.72%"
"Jul 26, 2019","0.690","0.674","0.690","0.674","2.37%"
"Jul 25, 2019","0.674","0.675","0.675","0.674","-0.15%"
"Jul 24, 2019","0.675","0.665","0.675","0.665","1.50%"
"Jul 23, 2019","0.665","0.665","0.665","0.665","0.00%"
"Jul 22, 2019","0.665","0.665","0.665","0.665","0.76%"
"Jul 19, 2019","0.660","0.660","0.660","0.660","-0.75%"
"Jul 18, 2019","0.665","0.683","0.683","0.665","-2.64%"
"Jul 17, 2019","0.683","0.680","0.683","0.680","0.44%"
"Jul 16, 2019","0.680","0.675","0.680","0.675","0.74%"
"Jul 15, 2019","0.675","0.670","0.675","0.670","0.75%"
"Jul 12, 2019","0.670","0.660","0.670","0.660","1.52%"
"Jul 11, 2019","0.660","0.660","0.660","0.660","0.00%"
"Jul 10, 2019","0.660","0.656","0.660","0.656","0.61%"
"Jul 09, 2019","0.656","0.660","0.660","0.656","-0.61%"
"Jul 08, 2019","0.660","0.660","0.660","0.660","0.00%"
"Jul 05, 2019","0.660","0.660","0.660","0.660","0.00%"
"Jul 04, 2019","0.660","0.660","0.660","0.660","0.00%"
"Jul 03, 2019","0.660","0.690","0.690","0.660","-4.35%"
"Jul 02, 2019","0.690","0.695","0.695","0.690","-0.72%"
"Jul 01, 2019","0.695","0.695","0.695","0.695","-0.71%"
"Jun 28, 2019","0.700","0.700","0.700","0.700","0.72%"
"Jun 27, 2019","0.695","0.690","0.695","0.690","0.72%"
"Jun 26, 2019","0.690","0.690","0.690","0.690","0.00%"
"Jun 25, 2019","0.690","0.690","0.690","0.690","0.00%"
"Jun 24, 2019","0.690","0.695","0.695","0.690","-0.72%"
"Jun 21, 2019","0.695","0.695","0.695","0.695","0.00%"
"Jun 20, 2019","0.695","0.710","0.710","0.695","-2.11%"
"Jun 19, 2019","0.710","0.710","0.710","0.710","0.00%"
"Jun 18, 2019","0.710","0.720","0.720","0.710","-1.39%"
"Jun 17, 2019","0.720","0.710","0.720","0.710","1.41%"
"Jun 14, 2019","0.710","0.710","0.710","0.710","0.00%"
"Jun 13, 2019","0.710","0.720","0.720","0.710","-1.39%"
"Jun 12, 2019","0.720","0.720","0.720","0.720","1.41%"
"Jun 11, 2019","0.710","0.695","0.710","0.695","2.16%"
"Jun 10, 2019","0.695","0.690","0.695","0.690","0.72%"
"Jun 06, 2019","0.690","0.690","0.690","0.690","0.00%"
"Jun 05, 2019","0.690","0.690","0.690","0.690","0.00%"
"Jun 04, 2019","0.690","0.710","0.710","0.680","-2.82%"
"May 31, 2019","0.710","0.712","0.712","0.710","-0.28%"
"May 30, 2019","0.712","0.715","0.715","0.712","-0.42%"
"May 29, 2019","0.715","0.720","0.720","0.715","-0.69%"
"May 28, 2019","0.720","0.710","0.720","0.710","1.41%"
"May 27, 2019","0.710","0.710","0.710","0.710","0.00%"
"May 24, 2019","0.710","0.720","0.720","0.710","-1.39%"
"May 23, 2019","0.720","0.720","0.720","0.720","0.00%"
"May 22, 2019","0.720","0.720","0.720","0.720","0.00%"
"May 21, 2019","0.720","0.720","0.720","0.720","-1.37%"
"May 20, 2019","0.730","0.730","0.730","0.730","0.00%"
"May 17, 2019","0.730","0.730","0.730","0.730","0.00%"
"May 16, 2019","0.730","0.730","0.730","0.730","-1.35%"
"May 15, 2019","0.740","0.740","0.740","0.740","0.00%"
"May 14, 2019","0.740","0.740","0.740","0.740","-0.67%"
"May 13, 2019","0.745","0.745","0.745","0.745","-0.67%"
"May 10, 2019","0.750","0.750","0.750","0.750","0.67%"
"May 09, 2019","0.745","0.745","0.745","0.745","0.00%"
"May 08, 2019","0.745","0.745","0.745","0.745","0.00%"
"May 07, 2019","0.745","0.745","0.745","0.745","0.68%"
"May 06, 2019","0.740","0.740","0.740","0.740","-2.63%"
"May 03, 2019","0.760","0.760","0.760","0.760","1.33%"
"May 02, 2019","0.750","0.750","0.750","0.750","0.00%"
"Apr 30, 2019","0.750","0.750","0.750","0.750","0.00%"
"Apr 29, 2019","0.750","0.750","0.750","0.750","-1.32%"
"Apr 26, 2019","0.760","0.760","0.760","0.760","0.00%"
"Apr 25, 2019","0.760","0.760","0.760","0.760","-1.30%"
"Apr 24, 2019","0.770","0.770","0.770","0.770","0.00%"
"Apr 23, 2019","0.770","0.770","0.770","0.770","0.00%"
"Apr 22, 2019","0.770","0.770","0.770","0.770","0.00%"
"Apr 19, 2019","0.770","0.770","0.770","0.770","1.32%"
"Apr 18, 2019","0.760","0.760","0.760","0.760","0.00%"
"Apr 17, 2019","0.760","0.760","0.760","0.760","1.33%"
"Apr 16, 2019","0.750","0.750","0.750","0.750","-1.96%"
"Apr 15, 2019","0.765","0.765","0.765","0.765","0.00%"
"Apr 12, 2019","0.765","0.765","0.765","0.765","0.00%"
"Apr 11, 2019","0.765","0.765","0.765","0.765","-0.65%"
"Apr 10, 2019","0.770","0.770","0.770","0.770","1.32%"
"Apr 09, 2019","0.760","0.760","0.760","0.760","1.33%"
"Apr 08, 2019","0.750","0.750","0.750","0.750","-3.85%"
"Apr 03, 2019","0.780","0.780","0.780","0.780","0.00%"
"Apr 02, 2019","0.780","0.780","0.780","0.780","0.00%"
"Apr 01, 2019","0.780","0.780","0.780","0.780","1.30%"
"Mar 29, 2019","0.770","0.770","0.770","0.770","0.00%"
"Mar 28, 2019","0.770","0.770","0.770","0.770","-1.28%"
"Mar 27, 2019","0.780","0.780","0.780","0.780","0.00%"
"Mar 26, 2019","0.780","0.780","0.780","0.780","0.00%"
"Mar 25, 2019","0.780","0.780","0.780","0.780","-1.27%"
"Mar 22, 2019","0.790","0.790","0.790","0.790","0.00%"
"Mar 21, 2019","0.790","0.790","0.790","0.790","-2.47%"
"Mar 20, 2019","0.810","0.810","0.810","0.810","1.25%"
"Mar 19, 2019","0.800","0.800","0.800","0.800","0.00%"
"Mar 18, 2019","0.800","0.800","0.800","0.800","-0.62%"
"Mar 15, 2019","0.805","0.805","0.805","0.805","-1.83%"
"Mar 14, 2019","0.820","0.820","0.820","0.820","0.00%"
"Mar 13, 2019","0.820","0.820","0.820","0.820","-0.61%"
"Mar 12, 2019","0.825","0.825","0.825","0.825","-0.60%"
"Mar 11, 2019","0.830","0.830","0.830","0.830","1.22%"
"Mar 08, 2019","0.820","0.820","0.820","0.820","-1.80%"
"Mar 07, 2019","0.835","0.835","0.835","0.835","0.00%"
"Mar 06, 2019","0.835","0.835","0.835","0.835","0.00%"
"Mar 05, 2019","0.835","0.835","0.835","0.835","-0.60%"
"Mar 04, 2019","0.840","0.840","0.840","0.840","1.82%"
"Feb 27, 2019","0.825","0.825","0.825","0.825","-0.60%"
"Feb 26, 2019","0.830","0.830","0.830","0.830","0.00%"
"Feb 25, 2019","0.830","0.830","0.830","0.830","0.00%"
"Feb 22, 2019","0.830","0.830","0.830","0.830","1.22%"
"Feb 21, 2019","0.820","0.820","0.820","0.820","-1.20%"
"Feb 20, 2019","0.830","0.830","0.830","0.830","0.61%"
"Feb 19, 2019","0.825","0.825","0.825","0.825","0.00%"
"Feb 18, 2019","0.825","0.825","0.825","0.825","0.61%"
"Feb 15, 2019","0.820","0.820","0.820","0.820","-2.38%"
"Feb 14, 2019","0.840","0.840","0.840","0.840","0.24%"
"Feb 13, 2019","0.838","0.838","0.838","0.838","0.00%"
"Feb 12, 2019","0.838","0.838","0.838","0.838","1.58%"
"Feb 11, 2019","0.825","0.825","0.825","0.825","-5.17%"
"Jan 30, 2019","0.870","0.870","0.870","0.870","-2.25%"
"Jan 29, 2019","0.890","0.890","0.890","0.890","2.30%"
"Jan 28, 2019","0.870","0.870","0.870","0.870","0.00%"
"Jan 25, 2019","0.870","0.870","0.870","0.870","1.16%"
"Jan 24, 2019","0.860","0.860","0.860","0.860","1.18%"
"Jan 23, 2019","0.850","0.850","0.850","0.850","-2.86%"
"Jan 22, 2019","0.875","0.875","0.875","0.875","0.00%"
"Jan 21, 2019","0.875","0.875","0.875","0.875","0.00%"
"Jan 18, 2019","0.875","0.875","0.875","0.875","0.00%"
"Jan 17, 2019","0.875","0.875","0.875","0.875","0.00%"
"Jan 16, 2019","0.875","0.875","0.875","0.875","0.00%"
"Jan 15, 2019","0.875","0.875","0.875","0.875","1.74%"
"Jan 14, 2019","0.860","0.860","0.860","0.860","-2.27%"
"Jan 11, 2019","0.880","0.880","0.880","0.880","0.00%"
"Jan 10, 2019","0.880","0.880","0.880","0.880","0.00%"
"Jan 09, 2019","0.880","0.880","0.880","0.880","0.00%"
"Jan 08, 2019","0.880","0.880","0.880","0.880","1.15%"
"Jan 07, 2019","0.870","0.870","0.870","0.870","2.35%"
"Jan 04, 2019","0.850","0.850","0.850","0.850","0.95%"
"Jan 03, 2019","0.842","0.842","0.842","0.842","-0.36%"
"Jan 02, 2019","0.845","0.845","0.845","0.845","-2.31%"